Actions Url,WIID,Description,Type,Status,Date
https://acme-test.uipath.com/work-items/108539534,108539534,Generate Yearly Report for Vendor,WI4,Open,06-04-2017
https://acme-test.uipath.com/work-items/108539542,108539542,Generate Yearly Report for Vendor,WI4,Open,02-02-2025
https://acme-test.uipath.com/work-items/108539535,108539535,Generate Yearly Report for Vendor,WI4,Open,16-04-2024
https://acme-test.uipath.com/work-items/108539536,108539536,Generate Yearly Report for Vendor,WI4,Open,03-10-2017
https://acme-test.uipath.com/work-items/108539538,108539538,Generate Yearly Report for Vendor,WI4,Open,16-03-2020
https://acme-test.uipath.com/work-items/108539543,108539543,Generate Yearly Report for Vendor,WI4,Open,09-07-2021
https://acme-test.uipath.com/work-items/108539540,108539540,Generate Yearly Report for Vendor,WI4,Open,15-08-2020
https://acme-test.uipath.com/work-items/108539541,108539541,Generate Yearly Report for Vendor,WI4,Open,17-06-2024
https://acme-test.uipath.com/work-items/108539539,108539539,Generate Yearly Report for Vendor,WI4,Open,24-09-2020
https://acme-test.uipath.com/work-items/108539537,108539537,Generate Yearly Report for Vendor,WI4,Open,26-09-2025
